<?xml version="1.0" encoding="UTF-8" ?>
<XMLDB PATH="local/credit_xp/db" VERSION="20190313" COMMENT="XMLDB file for Moodle local/credit_xp"
    xmlns:xsi="http://www.w3.org/2001/XMLSchema-instance"
    xsi:noNamespaceSchemaLocation="../../../lib/xmldb/xmldb.xsd"
>
  <TABLES>
    <TABLE NAME="credit_xp_converted" COMMENT="Tracks XP converted to course credits.">
      <FIELDS>
        <FIELD NAME="id" TYPE="int" LENGTH="10" NOTNULL="true" SEQUENCE="true"/>
        <FIELD NAME="user_id" TYPE="int" LENGTH="10" NOTNULL="true" SEQUENCE="false" COMMENT="User record ID"/>
        <FIELD NAME="converted_xp" TYPE="int" LENGTH="10" NOTNULL="true" DEFAULT="0" SEQUENCE="false" COMMENT="Number of converted XP for user"/>
      </FIELDS>
      <KEYS>
        <KEY NAME="primary" TYPE="primary" FIELDS="id"/>
      </KEYS>
      <INDEXES>
        <INDEX NAME="user_id" UNIQUE="true" FIELDS="user_id"/>
      </INDEXES>
    </TABLE>
  </TABLES>
</XMLDB>