<?xml version="1.0" encoding="UTF-8" ?>
<XMLDB PATH="enrol/apply/db" VERSION="20210702" COMMENT="XMLDB file for Moodle enrol/apply"
    xmlns:xsi="http://www.w3.org/2001/XMLSchema-instance"
    xsi:noNamespaceSchemaLocation="../../../lib/xmldb/xmldb.xsd"
>
  <TABLES>
    <TABLE NAME="enrol_apply_applicationinfo" COMMENT="Table containing additional information for each enrolment application.">
      <FIELDS>
        <FIELD NAME="id" TYPE="int" LENGTH="10" NOTNULL="true" SEQUENCE="true"/>
        <FIELD NAME="userenrolmentid" TYPE="int" LENGTH="10" NOTNULL="true" SEQUENCE="false" COMMENT="user enrolment id this entry belongs to"/>
        <FIELD NAME="comment" TYPE="text" NOTNULL="false" SEQUENCE="false" COMMENT="comment given by the user during application"/>
      </FIELDS>
      <KEYS>
        <KEY NAME="primary" TYPE="primary" FIELDS="id"/>
        <KEY NAME="userenrolment" TYPE="foreign-unique" FIELDS="userenrolmentid" REFTABLE="user_enrolments" REFFIELDS="id"/>
      </KEYS>
    </TABLE>
    <TABLE NAME="enrol_apply_groups" COMMENT="Default comment for the table, please edit me">
      <FIELDS>
        <FIELD NAME="id" TYPE="int" LENGTH="10" NOTNULL="true" SEQUENCE="true"/>
        <FIELD NAME="enrolid" TYPE="int" LENGTH="10" NOTNULL="true" SEQUENCE="false"/>
        <FIELD NAME="groupid" TYPE="int" LENGTH="10" NOTNULL="true" SEQUENCE="false"/>
      </FIELDS>
      <KEYS>
        <KEY NAME="primary" TYPE="primary" FIELDS="id"/>
        <KEY NAME="enrol" TYPE="foreign" FIELDS="enrolid" REFTABLE="enrol" REFFIELDS="id"/>
        <KEY NAME="group" TYPE="foreign" FIELDS="groupid" REFTABLE="groups" REFFIELDS="id"/>
      </KEYS>
    </TABLE>
  </TABLES>
</XMLDB>
